match,52474
bet,36311
fix,32004
tips,6046
goal,5302
win,4955
twitter,4616
free,3629
today,3351
odds,3164
tennis,3004
pre,2607
pic,2548
play,2408
finish,2239
corruption,2145
live,2095
prediction,2045
chance,1997
inplay,1846
challenge,1842
game,1810
soccer,1622
returns,1604
preview,1551
time,1538
sport,1443
suspicious,1406
football,1277
people,1265
watch,1217
man,1206
good,1177
united,1172
back,1168
league,1168
fraud,1156
saturday,1109
illegal,1084
tonight,1049
gambling,1037
life,1025
integrity,1024
money,996
day,993
bonus,979
team,969
city,929
livescore,902
inplaybetting,900
broken,885
betfair,863
england,857
problem,838
deposit,829
world,810
things,768
draw,766
news,757
package,752
slots,740
place,735
make,722
score,680
cricket,670
offer,664
problems,656
players,651
lol,622
open,599
start,597
half,589
home,586
real,571
djokovic,556
fc,556
fstinplay,554
great,552